"** Notes: These are *direct download* URLs to the official models. I am NOT hosting these, so if any links are broken or have viruses, PLEASE go to this discussion thread and report them, and I will adjust this sheet accordingly. This sheet is just to reference all of the many releases MiHoYo has had since the 1.0 release, in one convenient location. You are still downloading directly from Biligame/Mihoyo.
Modified by Miyo Sho <meow@miyo.icu> to have better formatting so that the document is easier to parse, fixes typos and makes naming more standard instead of the names being different for the same character sometimes.
This also fixes some dead links, notes, and other inconsistencies.",,,
Character Name,Appearance,Notes,URL
,,,
6.5 Release Page,,,https://www.bilibili.com/blackboard/era/2FTqBQ9UhqPlwoFa.html
Linnea,1st,,https://i0.hdslb.com/bfs/activity-plat/static/20260403/d32c2bb79f59192cb072d7bf79b61c6d/wEP8nmbCIP.zip
,,,
Background,,,http://i0.hdslb.com/bfs/activity-plat/static/d41d8cd98f00b204e9800998ecf8427e/1z0YOnrYBy.png
,,,
6.4 Release Page,,,https://www.bilibili.com/blackboard/era/QaJF5A7wW4jvpCKJ.html
Varka,1st,,https://i0.hdslb.com/bfs/activity-plat/static/20260213/d32c2bb79f59192cb072d7bf79b61c6d/Z10P505Pe8.zip
Skirk,2nd,,https://i0.hdslb.com/bfs/activity-plat/static/20260213/d32c2bb79f59192cb072d7bf79b61c6d/NzSbfEsKYy.zip
Flins,2nd,,https://i0.hdslb.com/bfs/activity-plat/static/20260213/d32c2bb79f59192cb072d7bf79b61c6d/qyIGglj7Ny.zip
Escoffier,2nd,,https://i0.hdslb.com/bfs/activity-plat/static/20260213/d32c2bb79f59192cb072d7bf79b61c6d/3qlM8tC8WU.zip
,,,
Background,,,https://i2.hdslb.com/bfs/activity-plat/static/d41d8cd98f00b204e9800998ecf8427e/VIHPWrsy5q.png
,,,
6.3 Release Page,,,https://www.bilibili.com/blackboard/era/KLdI4OlEa3fnzzpR.html
Columbina,1st,,https://i0.hdslb.com/bfs/activity-plat/static/20251231/d32c2bb79f59192cb072d7bf79b61c6d/QK6N3kvQQE.zip
Zibai,1st,,https://i0.hdslb.com/bfs/activity-plat/static/20251231/d32c2bb79f59192cb072d7bf79b61c6d/OQulXdwkbq.zip
Illuga,1st,,https://i0.hdslb.com/bfs/activity-plat/static/20251231/d32c2bb79f59192cb072d7bf79b61c6d/LQlXAA7Jg1.zip
Yaoyao,1st,Alternate Outfit,https://i0.hdslb.com/bfs/activity-plat/static/20251231/d32c2bb79f59192cb072d7bf79b61c6d/sX2eNK4D7H.zip
Neuvillette,1st,Alternate Outfit,https://i0.hdslb.com/bfs/activity-plat/static/20251231/d32c2bb79f59192cb072d7bf79b61c6d/zlMDzc6UBM.zip
Miliastra Wonderland (1),1st,Player Skins,https://i0.hdslb.com/bfs/activity-plat/static/20260113/d32c2bb79f59192cb072d7bf79b61c6d/o6pB3s0XHT.7z
Miliastra Wonderland (2),1st,Horse Skins,https://i0.hdslb.com/bfs/activity-plat/static/20260113/d32c2bb79f59192cb072d7bf79b61c6d/5ynrgVRbsD.7z
,,,
Background,,,https://i2.hdslb.com/bfs/activity-plat/static/d41d8cd98f00b204e9800998ecf8427e/8iZ2CMbuIA.jpg
,,,
6.2 Release Page,,,https://www.bilibili.com/blackboard/era/KLdI4OlEa3fnzzpR.html
Durin,1st,,https://i0.hdslb.com/bfs/activity-plat/static/20251202/d32c2bb79f59192cb072d7bf79b61c6d/M88dl3dUFN.zip
Varesa,2nd,,https://i0.hdslb.com/bfs/activity-plat/static/20251202/d32c2bb79f59192cb072d7bf79b61c6d/1XxAV299rv.zip
Venti,6th,,https://i0.hdslb.com/bfs/activity-plat/static/20251202/d32c2bb79f59192cb072d7bf79b61c6d/K47rsXxesT.zip
Xilonen,3rd,,https://i0.hdslb.com/bfs/activity-plat/static/20251202/d32c2bb79f59192cb072d7bf79b61c6d/925uH4cN0v.zip
Jahoda,1st,,https://i0.hdslb.com/bfs/activity-plat/static/20251202/d32c2bb79f59192cb072d7bf79b61c6d/WVyVkN879O.zip
,,,
Background,,,https://i0.hdslb.com/bfs/activity-plat/static/d41d8cd98f00b204e9800998ecf8427e/zKAPCXfQPK.jpg
,,,
6.0 Release Page,,,https://www.bilibili.com/blackboard/era/XaW8EPOQrWcPYK3e.html
Flins,1st,,https://i0.hdslb.com/bfs/activity-plat/static/20250828/588128e326264ff3faa1cbdf4a921036/Su0e5wFMvY.zip
Lauma,1st,,https://i0.hdslb.com/bfs/activity-plat/static/20250829/588128e326264ff3faa1cbdf4a921036/lK3lg4Ja5m.zip
Nahida,5th,,https://i0.hdslb.com/bfs/activity-plat/static/20250828/588128e326264ff3faa1cbdf4a921036/TzANZIUpFb.zip
Yelan,6th,,https://i0.hdslb.com/bfs/activity-plat/static/20250828/588128e326264ff3faa1cbdf4a921036/wSHpsEicKu.zip
Aino,1st,,https://i0.hdslb.com/bfs/activity-plat/static/20250829/588128e326264ff3faa1cbdf4a921036/85wvGJu7bI.zip
,,,
Background,,,https://i0.hdslb.com/bfs/activity-plat/static/d41d8cd98f00b204e9800998ecf8427e/xySLPmnX2Y.png
,,,
5.8 Release Page,,,https://www.bilibili.com/blackboard/era/8uQYEO1clVVFBfPc.html
Ineffa,1st,,https://i0.hdslb.com/bfs/activity-plat/static/20250718/c6e19b806b80786dbd92b712c3f459cf/JhtCsx1hcs.zip
Mualani,2nd,,https://i0.hdslb.com/bfs/activity-plat/static/20250718/c6e19b806b80786dbd92b712c3f459cf/FWTmkH0X4b.zip
Chasca,2nd,,https://i0.hdslb.com/bfs/activity-plat/static/20250718/c6e19b806b80786dbd92b712c3f459cf/wPeyI47pWp.zip
Citlali,2nd,,https://i0.hdslb.com/bfs/activity-plat/static/20250718/c6e19b806b80786dbd92b712c3f459cf/vSVSyKT2AT.zip
Yelan,1st,Alternate Outfit,https://i0.hdslb.com/bfs/activity-plat/static/20250729/5c71f8c1c894217b06ce35b019f05055/WO56OQKtEp.zip
Bennett,1st,Alternate Outfit,https://i0.hdslb.com/bfs/activity-plat/static/20250729/5c71f8c1c894217b06ce35b019f05055/Sl4shdSl6N.zip
,,,
Background,,,https://i0.hdslb.com/bfs/activity-plat/static/d41d8cd98f00b204e9800998ecf8427e/3IbUn1f2ml.png
,,,
5.7 Release Page,,,https://www.bilibili.com/blackboard/era/qg76J6avc7TVPPOA.html
Skirk,1st,,https://activity.hdslb.com/blackboard/maxfiles/0f4535f9a7f8f347c1b6cba53cf05c5c/1749047305485.zip
Dahlia,1st,,https://activity.hdslb.com/blackboard/static/20250604/c6e19b806b80786dbd92b712c3f459cf/8QHWGBk6uE.zip
Shenhe,3rd,,https://activity.hdslb.com/blackboard/static/20250604/c6e19b806b80786dbd92b712c3f459cf/e5DWSRLbeF.zip
Mavuika,2nd,,https://activity.hdslb.com/blackboard/maxfiles/0f4535f9a7f8f347c1b6cba53cf05c5c/1749047302319.zip
Emilie,2nd,,https://activity.hdslb.com/blackboard/static/20250604/c6e19b806b80786dbd92b712c3f459cf/0T5MrKxKo7.zip
,,,
Background,,,https://i0.hdslb.com/bfs/activity-plat/static/d41d8cd98f00b204e9800998ecf8427e/mGpH6rvL8s.png
,,,
5.6 Release Page,,,https://www.bilibili.com/blackboard/era/bxK0nL8w9KhD42HV.html
Escoffier,1st,,https://activity.hdslb.com/blackboard/maxfiles/0f4535f9a7f8f347c1b6cba53cf05c5c/1745551395036.zip
Ifa,1st,,https://activity.hdslb.com/blackboard/static/20250425/c6e19b806b80786dbd92b712c3f459cf/UqshyxjwBd.zip
Kinich,2nd,,https://activity.hdslb.com/blackboard/static/20250425/c6e19b806b80786dbd92b712c3f459cf/waT2BjVzea.zip
Navia,3rd,,https://activity.hdslb.com/blackboard/maxfiles/0f4535f9a7f8f347c1b6cba53cf05c5c/1745551397694.zip
Yelan,5th,,https://activity.hdslb.com/blackboard/static/20250425/c6e19b806b80786dbd92b712c3f459cf/gIvMM3Dwzv.zip
,,,
Background,,,https://i0.hdslb.com/bfs/activity-plat/static/d41d8cd98f00b204e9800998ecf8427e/WBIRyC7WuW.png
,,,
5.5 Release Page,,,https://www.bilibili.com/blackboard/era/8LW2lXMlJ7LhJS4D.html
Varesa,1st,,https://activity.hdslb.com/blackboard/static/20250317/c6e19b806b80786dbd92b712c3f459cf/HZToqOXWsk.zip
Iansan,1st,,https://activity.hdslb.com/blackboard/static/20250327/c6e19b806b80786dbd92b712c3f459cf/vRDr47Al29.zip
Xianyun,2nd,,https://activity.hdslb.com/blackboard/maxfiles/0f4535f9a7f8f347c1b6cba53cf05c5c/1742193411803.zip
Xilonen,2nd,,https://activity.hdslb.com/blackboard/maxfiles/0f4535f9a7f8f347c1b6cba53cf05c5c/1742193409868.zip
Venti,5th,,https://activity.hdslb.com/blackboard/static/20250317/c6e19b806b80786dbd92b712c3f459cf/XIsDFaljhc.zip
,,,
Background,,,https://i0.hdslb.com/bfs/activity-plat/static/d41d8cd98f00b204e9800998ecf8427e/79bjftby8q.png
,,,
5.4 Release Page,,,https://www.bilibili.com/blackboard/era/NAV1use70VbtmpGm.html
Yumemizuki Mizuki,1st,,https://activity.hdslb.com/blackboard/static/20250211/c6e19b806b80786dbd92b712c3f459cf/0p3ddGXfR3.zip
Sigewinne,1st,,https://activity.hdslb.com/blackboard/static/20250211/c6e19b806b80786dbd92b712c3f459cf/2r74EAVlGo.zip
Furina,3rd,,https://activity.hdslb.com/blackboard/maxfiles/0f4535f9a7f8f347c1b6cba53cf05c5c/1739252305157.zip
Wriothesley,2nd,,https://activity.hdslb.com/blackboard/maxfiles/0f4535f9a7f8f347c1b6cba53cf05c5c/1739252759564.zip
,,,
Background,,,https://i0.hdslb.com/bfs/activity-plat/static/c6e19b806b80786dbd92b712c3f459cf/wEYpTiew1E.png
,,,
5.3 Release Page,,,https://www.bilibili.com/blackboard/era/6WU8pjHx2fWQKHMp.html
Mavuika,1st,,https://activity.hdslb.com/blackboard/maxfiles/0f4535f9a7f8f347c1b6cba53cf05c5c/1735635001168.zip
Citlali,1st,,https://activity.hdslb.com/blackboard/static/20241231/fbb6ffcfd09815bd66290b6b7bde1196/WmBSSzKTTM.zip
Lan Yan,1st,** Not posted as of 5.3,
Arlecchino,2nd,** Not posted as of 5.3,
Clorinde,2nd,** Not posted as of 5.3,
Bennett,8th,** Not posted as of 5.3,
Diona,8th,** Not posted as of 5.3,
Kachina,2nd,** Not posted as of 5.3,
Hu Tao,1st,Alternate Outfit,https://activity.hdslb.com/blackboard/static/20250102/c6e19b806b80786dbd92b712c3f459cf/720PYVm1Gc.zip
Xiangling,1st,Alternate Outfit,https://activity.hdslb.com/blackboard/static/20250102/c6e19b806b80786dbd92b712c3f459cf/yEz8vkmB9n.zip
Rosaria,7th,** Not posted as of 5.3,
Chevreuse,3rd,** Not posted as of 5.3,
,,,
Background,,,https://i0.hdslb.com/bfs/activity-plat/static/c6e19b806b80786dbd92b712c3f459cf/6NrUeuPgI0.png
,,,
5.2 Release Page,,,https://www.bilibili.com/blackboard/era/8SIYpmwBSRAnHLqi.html
Chasca,1st,,https://activity.hdslb.com/blackboard/static/20241118/c6e19b806b80786dbd92b712c3f459cf/1MlyEkWkK4.zip
Ororon,1st,,https://activity.hdslb.com/blackboard/static/20241120/fbb6ffcfd09815bd66290b6b7bde1196/CvlYFX61oD.zip
Zhongli,6th,,https://activity.hdslb.com/blackboard/static/20241118/c6e19b806b80786dbd92b712c3f459cf/LlKG21wghd.zip
Neuvillette,3rd,,https://activity.hdslb.com/blackboard/static/20241118/c6e19b806b80786dbd92b712c3f459cf/KD8v2XTYQL.zip
Lyney,3rd,,https://activity.hdslb.com/blackboard/static/20241118/c6e19b806b80786dbd92b712c3f459cf/OYgdyk4ZXN.zip
Sucrose,7th,,https://activity.hdslb.com/blackboard/static/20241118/c6e19b806b80786dbd92b712c3f459cf/VgMYzk6qfs.zip
Barbara,3rd,Alternate Outfit,https://activity.hdslb.com/blackboard/static/20241118/c6e19b806b80786dbd92b712c3f459cf/FPFoH9Kf4r.zip
Barbara,6th,,https://activity.hdslb.com/blackboard/static/20241119/fbb6ffcfd09815bd66290b6b7bde1196/AI71GlTK8C.rar
Yaoyao,3rd,,https://activity.hdslb.com/blackboard/static/20241209/c6e19b806b80786dbd92b712c3f459cf/o6dfA9P0Mx.zip
Fischl,6th,,https://activity.hdslb.com/blackboard/static/20241209/c6e19b806b80786dbd92b712c3f459cf/04c5PN4TPj.zip
Fischl,2nd,Alternate Outfit,https://activity.hdslb.com/blackboard/static/20241209/c6e19b806b80786dbd92b712c3f459cf/B0W8W7WqzZ.zip
Shikanoin Heizou,2nd,,https://activity.hdslb.com/blackboard/static/20241209/c6e19b806b80786dbd92b712c3f459cf/lyZIO7tSc6.zip
,,,
Background,,,https://i0.hdslb.com/bfs/activity-plat/static/c6e19b806b80786dbd92b712c3f459cf/EQXSijy5SZ.png
,,,
5.1 Release Page,,,https://www.bilibili.com/blackboard/era/V77jYzyJ0gfKglcv.html
Xilonen,1st,,https://activity.hdslb.com/blackboard/static/20241028/d32c2bb79f59192cb072d7bf79b61c6d/FWdB3ds7cN.zip
Chiori,2nd,,https://activity.hdslb.com/blackboard/static/20241009/c6e19b806b80786dbd92b712c3f459cf/uIRBNIbQVS.zip
Dori,4th,,https://activity.hdslb.com/blackboard/static/20241009/c6e19b806b80786dbd92b712c3f459cf/Ew4JOzghRP.zip
Collei,3rd,,https://activity.hdslb.com/blackboard/static/20241009/c6e19b806b80786dbd92b712c3f459cf/MhpqYkfBPY.zip
Candace,3rd,,https://activity.hdslb.com/blackboard/static/20241009/c6e19b806b80786dbd92b712c3f459cf/nOuZlknruA.zip
Nahida,4th,,https://activity.hdslb.com/blackboard/static/20241009/c6e19b806b80786dbd92b712c3f459cf/JSp6ROxWO8.zip
Hu Tao,7th,,https://activity.hdslb.com/blackboard/static/20241009/c6e19b806b80786dbd92b712c3f459cf/k0SuZc1AVp.zip
Xingqiu,6th,,https://activity.hdslb.com/blackboard/static/20241028/d32c2bb79f59192cb072d7bf79b61c6d/cXyrU1dRxm.zip
Kuki Shinobu,3rd,,https://activity.hdslb.com/blackboard/static/20241028/d32c2bb79f59192cb072d7bf79b61c6d/3Ntv48tvzW.zip
Sethos,2nd,,https://activity.hdslb.com/blackboard/static/20241028/d32c2bb79f59192cb072d7bf79b61c6d/ulLaiNWdGo.zip
Xingqiu,1st,Alternate Outfit,https://activity.hdslb.com/blackboard/static/20241028/d32c2bb79f59192cb072d7bf79b61c6d/rDceUjRcWj.zip
,,,
Background,,,https://i0.hdslb.com/bfs/activity-plat/static/c6e19b806b80786dbd92b712c3f459cf/He8NZWCESv.png
,,,
5.0 Release Page,,,https://www.bilibili.com/blackboard/era/7eX5dopGNqU68rKB.html
Mualani,1st,,https://activity.hdslb.com/blackboard/static/20240827/d32c2bb79f59192cb072d7bf79b61c6d/cPxGdCySJi.zip
Kaedehara Kazuha,5th,,https://activity.hdslb.com/blackboard/static/20240827/d32c2bb79f59192cb072d7bf79b61c6d/EkPgvhz5NT.zip
Kachina,1st,,https://activity.hdslb.com/blackboard/static/20240828/d32c2bb79f59192cb072d7bf79b61c6d/aIyBI7p5d8.zip
Bennett,7th,,https://activity.hdslb.com/blackboard/static/20240827/d32c2bb79f59192cb072d7bf79b61c6d/wBLVVmc3xu.zip
Xinyan,6th,,https://activity.hdslb.com/blackboard/static/20240827/d32c2bb79f59192cb072d7bf79b61c6d/2EaMAcgo7O.zip
Kinich,1st,,https://activity.hdslb.com/blackboard/static/20240827/d32c2bb79f59192cb072d7bf79b61c6d/4Mlnp3YDQJ.zip
Raiden Shogun,4th,,https://activity.hdslb.com/blackboard/static/20240827/d32c2bb79f59192cb072d7bf79b61c6d/niwXpFdhmh.zip
Tribe Companions,1st,"Textures are not setup properly so they appear
as white.",https://activity.hdslb.com/blackboard/maxfiles/587f0b14d5bd43274c379bb869cc385d/1726114441300.zip
Kujou Sara,3rd,,https://activity.hdslb.com/blackboard/static/20240914/d32c2bb79f59192cb072d7bf79b61c6d/L8Y1u7U5eC.zip
Chevreuse,2nd,,https://activity.hdslb.com/blackboard/static/20240914/d32c2bb79f59192cb072d7bf79b61c6d/9YIx380pAk.zip
Thoma,6th,,https://activity.hdslb.com/blackboard/static/20240914/d32c2bb79f59192cb072d7bf79b61c6d/uer1zLHMT2.zip
,,,
Background,,,https://i0.hdslb.com/bfs/activity-plat/static/d32c2bb79f59192cb072d7bf79b61c6d/YN5PkrTeya.png
,,,
4.8 Release Page,,,https://www.bilibili.com/blackboard/era/iBNf7xbdgeEH1sEB.html
Navia,2nd,,https://activity.hdslb.com/blackboard/static/20240716/47cd746cc81b48cbb337ce6f1976bcab/FXBSlw8hu2.zip
Yelan,4th,,https://activity.hdslb.com/blackboard/static/20240716/47cd746cc81b48cbb337ce6f1976bcab/t8No5fdfra.zip
Lyney,1st,Alternate (Event) Outfit,https://activity.hdslb.com/blackboard/static/20240716/47cd746cc81b48cbb337ce6f1976bcab/Fb4zjJSXZW.zip
Lynette,1st,Alternate (Event) Outfit,https://activity.hdslb.com/blackboard/static/20240716/47cd746cc81b48cbb337ce6f1976bcab/HyLH3cfL5Z.zip
Nilou,3rd,,https://activity.hdslb.com/blackboard/static/20240716/47cd746cc81b48cbb337ce6f1976bcab/gxcFXsEfk3.zip
Nilou,1st,Alternate Outfit,https://activity.hdslb.com/blackboard/static/20240716/47cd746cc81b48cbb337ce6f1976bcab/nf1w9CtbIx.zip
Ningguang,7th,,https://activity.hdslb.com/blackboard/static/20240716/47cd746cc81b48cbb337ce6f1976bcab/G9ubwa0TQQ.zip
Ningguang,2nd,Alternate Outfit,https://activity.hdslb.com/blackboard/static/20240716/47cd746cc81b48cbb337ce6f1976bcab/eIueaAV96k.zip
Kirara,3rd,,https://activity.hdslb.com/blackboard/static/20240716/47cd746cc81b48cbb337ce6f1976bcab/t6XFqd4WXO.zip
Kirara,1st,Alternate Outfit,https://activity.hdslb.com/blackboard/static/20240716/47cd746cc81b48cbb337ce6f1976bcab/WRGZbq8yiZ.zip
Kaveh,2nd,,https://activity.hdslb.com/blackboard/static/20240716/47cd746cc81b48cbb337ce6f1976bcab/NoRgeqmYLq.zip
Emilie,1st,,https://activity.hdslb.com/blackboard/static/20240729/d32c2bb79f59192cb072d7bf79b61c6d/KvocV7rQbC.zip
Razor,3rd,,https://activity.hdslb.com/blackboard/static/20240806/d32c2bb79f59192cb072d7bf79b61c6d/S2hP4ZYKWH.zip
Xiangling,9th,,https://activity.hdslb.com/blackboard/static/20240806/d32c2bb79f59192cb072d7bf79b61c6d/TMJLa0R9Nb.zip
Yanfei,5th,,https://activity.hdslb.com/blackboard/static/20240806/d32c2bb79f59192cb072d7bf79b61c6d/zFA3K3yyjc.zip
,,,
Background,,,https://i0.hdslb.com/bfs/activity-plat/static/d32c2bb79f59192cb072d7bf79b61c6d/vZlKJcy386.png
,,,
4.7 Release Page,,,https://www.bilibili.com/blackboard/activity-h4oYj68f4J.html
Clorinde,1st,,https://activity.hdslb.com/blackboard/maxfiles/dc5b99db48b5368a5482f5c18603dde7/1717762730303.zip
Sethos,1st,,https://activity.hdslb.com/blackboard/static/20240607/d32c2bb79f59192cb072d7bf79b61c6d/xcpjDvfTqF.zip
Bennett,6th,,https://activity.hdslb.com/blackboard/static/20240603/d32c2bb79f59192cb072d7bf79b61c6d/4mvbwbqRGX.zip
Thoma,3rd,,https://activity.hdslb.com/blackboard/static/20240603/d32c2bb79f59192cb072d7bf79b61c6d/BojyKo3H2R.zip
Alhaitham,3rd,,https://activity.hdslb.com/blackboard/static/20240603/d32c2bb79f59192cb072d7bf79b61c6d/YSIzBndHoA.zip
Sigewinne ,1st,,https://activity.hdslb.com/blackboard/static/20240625/d32c2bb79f59192cb072d7bf79b61c6d/PC0YbPvcf1.zip
Furina,2nd,,https://activity.hdslb.com/blackboard/maxfiles/dc5b99db48b5368a5482f5c18603dde7/1718963177420.zip
Noelle,6th,,https://activity.hdslb.com/blackboard/static/20240621/d32c2bb79f59192cb072d7bf79b61c6d/ULlGITsyJm.zip
Rosaria,6th,,https://activity.hdslb.com/blackboard/static/20240621/d32c2bb79f59192cb072d7bf79b61c6d/uDZVAaxuhE.zip
,,,
Background,,,https://i0.hdslb.com/bfs/activity-plat/static/d32c2bb79f59192cb072d7bf79b61c6d/AJ44tNYc8f_w1920_h1080.png
,,,
4.6 Release Page,,,https://www.bilibili.com/blackboard/activity-4DbOeeUTAf.html
Arlecchino,1st,,https://activity.hdslb.com/blackboard/maxfiles/d22cad5773701fd8794e3298f9d150fd/1713267711449.zip
Lyney,2nd,,https://activity.hdslb.com/blackboard/static/20240416/c84ef0977c17fb1198f6887261fea35f/wh8AniQ38o.zip
Wanderer,3rd,,https://activity.hdslb.com/blackboard/static/20240509/c84ef0977c17fb1198f6887261fea35f/xxQ091lakE.zip
Baizhu,3rd,,https://activity.hdslb.com/blackboard/static/20240509/c84ef0977c17fb1198f6887261fea35f/xcDJQ7TNNj.zip
Xiangling,7th,,https://activity.hdslb.com/blackboard/static/20240416/c84ef0977c17fb1198f6887261fea35f/Rsi6id9kO0.zip
Lynette,2nd,,https://activity.hdslb.com/blackboard/static/20240416/c84ef0977c17fb1198f6887261fea35f/ubIy37GGQs.zip
Freminet,2nd,,https://activity.hdslb.com/blackboard/static/20240416/c84ef0977c17fb1198f6887261fea35f/YEL0Dwc9zj.zip
Faruzan,3rd,,https://activity.hdslb.com/blackboard/static/20240509/c84ef0977c17fb1198f6887261fea35f/Yj5uhsdRZH.zip
Beidou,3rd,,https://activity.hdslb.com/blackboard/static/20240509/c84ef0977c17fb1198f6887261fea35f/AKcqH9XL22.zip
Layla,2nd,,https://activity.hdslb.com/blackboard/static/20240509/c84ef0977c17fb1198f6887261fea35f/sixWSyZVHf.zip
,,,
Background,,,https://i0.hdslb.com/bfs/activity-plat/static/c84ef0977c17fb1198f6887261fea35f/I78QabAx5S_w1920_h1081.png
,,,
4.5 Release Page,,,https://www.bilibili.com/blackboard/activity-eA6ktwSBJc.html
Chiori,1st,,https://activity.hdslb.com/blackboard/static/20240312/c84ef0977c17fb1198f6887261fea35f/HxKsGbH2UW.zip
Arataki Itto,4th,,https://activity.hdslb.com/blackboard/static/20240308/ed208e0685394224eb0049ea11d67202/PiZSQdByN0.zip
Neuvillette,2nd,,https://activity.hdslb.com/blackboard/static/20240402/c84ef0977c17fb1198f6887261fea35f/NwnQPvI2Ck.zip
Kaedehara Kazuha,4th,,https://activity.hdslb.com/blackboard/static/20240402/c84ef0977c17fb1198f6887261fea35f/3LbWF6z7fo.zip
Dori,3rd,,https://activity.hdslb.com/blackboard/static/20231019/c84ef0977c17fb1198f6887261fea35f/Ner28gQSdI.zip
Gorou,2nd,,https://activity.hdslb.com/blackboard/static/20240308/ed208e0685394224eb0049ea11d67202/FIqxtuy4hO.zip
Yun Jin,3rd,,https://activity.hdslb.com/blackboard/static/20240308/ed208e0685394224eb0049ea11d67202/dub4Fp4sdT.zip
Xingqiu,5th,,https://activity.hdslb.com/blackboard/static/20240402/c84ef0977c17fb1198f6887261fea35f/9HUR1ubSP2.zip
Barbara,2nd,Alternate Outfit,https://activity.hdslb.com/blackboard/static/20240402/c84ef0977c17fb1198f6887261fea35f/1J55bupi0N.zip
Yanfei,4th,,https://activity.hdslb.com/blackboard/static/20240402/c84ef0977c17fb1198f6887261fea35f/FRv8Zsxj57.zip
,,,
Background,,,https://i0.hdslb.com/bfs/activity-plat/static/d32c2bb79f59192cb072d7bf79b61c6d/OMSz8hABcG_w1920_h1080.png
,,,
4.4 Release Page,,,https://www.bilibili.com/blackboard/activity-nOe9RN7VhT.html
Xianyun,1st,,https://activity.hdslb.com/blackboard/maxfiles/d22cad5773701fd8794e3298f9d150fd/1706599375661.zip
Gaming,1st,,https://activity.hdslb.com/blackboard/static/20240126/c84ef0977c17fb1198f6887261fea35f/Nbl7gEoDHE.zip
Ganyu,1st,Alternate Outfit,https://activity.hdslb.com/blackboard/static/20240130/c84ef0977c17fb1198f6887261fea35f/OMsmaEDO7y.zip
Shenhe,1st,Alternate Outfit,https://activity.hdslb.com/blackboard/static/20240130/c84ef0977c17fb1198f6887261fea35f/jF4mIqZoSn.zip
Xingqiu,1st,Alternate Outfit,https://activity.hdslb.com/blackboard/static/20240126/c84ef0977c17fb1198f6887261fea35f/XMkiPWzE12.zip
Nahida,3rd,,https://activity.hdslb.com/blackboard/static/20240126/c84ef0977c17fb1198f6887261fea35f/ml4GhcXAzd.zip
Xiao,5th,,https://activity.hdslb.com/blackboard/static/20240126/c84ef0977c17fb1198f6887261fea35f/OX7oB0LwKv.zip
Yae Miko,4th,,https://activity.hdslb.com/blackboard/static/20240126/c84ef0977c17fb1198f6887261fea35f/RLvmRWtZCk.zip
Faruzan,2nd,,https://activity.hdslb.com/blackboard/static/20240126/c84ef0977c17fb1198f6887261fea35f/FhKxV1LW9D.zip
Noelle,5th,,https://activity.hdslb.com/blackboard/static/20240126/c84ef0977c17fb1198f6887261fea35f/xeXCjfgXNu.zip
Xinyan,5th,,https://activity.hdslb.com/blackboard/static/20240220/c84ef0977c17fb1198f6887261fea35f/EKrA27Xt3O.zip
Ningguang,6th,,https://activity.hdslb.com/blackboard/static/20240220/c84ef0977c17fb1198f6887261fea35f/gijLIRT673.zip
Yaoyao,2nd,,https://activity.hdslb.com/blackboard/static/20240220/c84ef0977c17fb1198f6887261fea35f/ZD9DjHGYzp.zip
,,,
Background,,,https://i0.hdslb.com/bfs/activity-plat/static/55e5deafb5be7f1eeac6f9bd4da51855/iOs5pg4JVY_w1920_h1080.png
,,,
4.3 Release Page,,,https://www.bilibili.com/blackboard/activity-HR50i12VLe.html
Navia,1st,,https://activity.hdslb.com/blackboard/maxfiles/f9e8c6201bea9dcbc0538c5d01845fac/1702636330681.zip
Chevreuse,1st,,https://activity.hdslb.com/blackboard/static/20231221/55e5deafb5be7f1eeac6f9bd4da51855/sL3y7Ia5oE.zip
Kamisato Ayaka,3rd,,https://activity.hdslb.com/blackboard/static/20231215/55e5deafb5be7f1eeac6f9bd4da51855/vikaFqeOG0.zip
Raiden Shogun,3rd,,https://activity.hdslb.com/blackboard/maxfiles/f9e8c6201bea9dcbc0538c5d01845fac/1702640748894.zip
Yoimiya,5th,,https://activity.hdslb.com/blackboard/static/20231215/55e5deafb5be7f1eeac6f9bd4da51855/c8VFQlwc9I.zip
Rosaria,5th,,https://activity.hdslb.com/blackboard/static/20231215/55e5deafb5be7f1eeac6f9bd4da51855/3gZBiOSyC9.zip
Candace,2nd,,https://activity.hdslb.com/blackboard/static/20231215/55e5deafb5be7f1eeac6f9bd4da51855/15tUFs9AGV.zip
Sucrose,6th,,https://activity.hdslb.com/blackboard/static/20231215/55e5deafb5be7f1eeac6f9bd4da51855/lQyNnofuH3.zip
Bennett,5th,,https://activity.hdslb.com/blackboard/static/20240110/55e5deafb5be7f1eeac6f9bd4da51855/zlQAYOYTVI.zip
Kujou Sara,2nd,,https://activity.hdslb.com/blackboard/static/20240110/55e5deafb5be7f1eeac6f9bd4da51855/LxXImCwsa6.zip
,,,
Background,2nd,,https://i0.hdslb.com/bfs/activity-plat/static/55e5deafb5be7f1eeac6f9bd4da51855/ro4uWpmLBv_w1920_h1080.jpg
,,,
4.2 Release Page,,,https://www.bilibili.com/blackboard/activity-L1Yb4Uwfc2.html
Furina,1st,,https://activity.hdslb.com/blackboard/maxfiles/f9e8c6201bea9dcbc0538c5d01845fac/1698908071594.zip
Charlotte,1st,,https://activity.hdslb.com/blackboard/static/20231102/55e5deafb5be7f1eeac6f9bd4da51855/qZRdovt5BG.zip
Baizhu,2nd,,https://activity.hdslb.com/blackboard/static/20231102/55e5deafb5be7f1eeac6f9bd4da51855/qjwrFGyA4W.zip
Cyno,3rd,,https://activity.hdslb.com/blackboard/static/20231102/55e5deafb5be7f1eeac6f9bd4da51855/XU9i5cPP0e.zip
Kamisato Ayato,3rd,,https://activity.hdslb.com/blackboard/static/20231102/55e5deafb5be7f1eeac6f9bd4da51855/CSmAuck4EE.zip
Collei,2nd,,https://activity.hdslb.com/blackboard/static/20231102/55e5deafb5be7f1eeac6f9bd4da51855/Tjo8mSidoq.zip
Beidou,2nd,,https://activity.hdslb.com/blackboard/static/20231102/55e5deafb5be7f1eeac6f9bd4da51855/rFsyAKALvk.zip
Kuki Shinobu,2nd,,https://activity.hdslb.com/blackboard/static/20231128/c84ef0977c17fb1198f6887261fea35f/2zW0q8aiPq.zip
Xiangling,6th,,https://activity.hdslb.com/blackboard/static/20231128/c84ef0977c17fb1198f6887261fea35f/ua6v0hYZXB.zip
Kirara,2nd,,https://activity.hdslb.com/blackboard/static/20231128/c84ef0977c17fb1198f6887261fea35f/ugvAXku1id.zip
,,,
Background,,,https://i0.hdslb.com/bfs/activity-plat/static/55e5deafb5be7f1eeac6f9bd4da51855/3FDjsSTg7m_w1920_h1080.png
,,,
4.1 Release Page,,,bilibili.com/blackboard/activity-WGjpl5mUuQ.html
Neuvillette,1st,,https://activity.hdslb.com/blackboard/static/20230921/55e5deafb5be7f1eeac6f9bd4da51855/rXSWmwimil.zip
Wriothesley,1st,,https://activity.hdslb.com/blackboard/maxfiles/f9e8c6201bea9dcbc0538c5d01845fac/1695297888235.zip
Hu Tao,6th,,https://activity.hdslb.com/blackboard/static/20230921/55e5deafb5be7f1eeac6f9bd4da51855/k3ueXY8MNR.zip
Venti,5th,,https://activity.hdslb.com/blackboard/static/20230921/55e5deafb5be7f1eeac6f9bd4da51855/TOrcFdK2er.zip
Diona,7th,,https://activity.hdslb.com/blackboard/static/20230921/55e5deafb5be7f1eeac6f9bd4da51855/h9SH4JPsUr.zip
Fischl,5th,,https://activity.hdslb.com/blackboard/static/20230921/55e5deafb5be7f1eeac6f9bd4da51855/5a6unQWof8.zip
Xingqiu,4th,,https://activity.hdslb.com/blackboard/static/20230921/55e5deafb5be7f1eeac6f9bd4da51855/kzFfOB9UYF.zip
Dori,2nd,,https://activity.hdslb.com/blackboard/static/20230921/55e5deafb5be7f1eeac6f9bd4da51855/CRmzkcV2qn.zip
Thoma,3rd,,https://activity.hdslb.com/blackboard/static/20230921/55e5deafb5be7f1eeac6f9bd4da51855/rCifKd3x3E.zip
Chongyun,6th,,https://activity.hdslb.com/blackboard/static/20230921/55e5deafb5be7f1eeac6f9bd4da51855/Yu235ooCSs.zip
,,,
Background,,,https://i0.hdslb.com/bfs/activity-plat/static/55e5deafb5be7f1eeac6f9bd4da51855/lGw1YX2843_w1920_h1080.png
,,,
4.0 Release Page,,,https://www.bilibili.com/blackboard/activity-e5rYFFZky6.html
Lyney,1st,,https://activity.hdslb.com/blackboard/static/20230807/c84ef0977c17fb1198f6887261fea35f/rLo9zM3CcE.zip
Lynette,1st,,https://activity.hdslb.com/blackboard/static/20230807/c84ef0977c17fb1198f6887261fea35f/d9xrRHFH3e.zip
Freminet,1st,,https://activity.hdslb.com/blackboard/static/20230807/c84ef0977c17fb1198f6887261fea35f/XT4mFyqXZy.zip
Zhongli,5th,,https://activity.hdslb.com/blackboard/static/20230807/c84ef0977c17fb1198f6887261fea35f/9zZcKChjOo.zip
Yelan,3rd,,https://activity.hdslb.com/blackboard/static/20230807/c84ef0977c17fb1198f6887261fea35f/yX7PunEx19.zip
Tartaglia/Childe,6th,,https://activity.hdslb.com/blackboard/static/20230807/c84ef0977c17fb1198f6887261fea35f/ekLEcASyyV.zip
Barbara,5th,,https://activity.hdslb.com/blackboard/static/20230807/c84ef0977c17fb1198f6887261fea35f/jvrmNNzpUH.rar
Bennett,4th,,https://activity.hdslb.com/blackboard/static/20230807/c84ef0977c17fb1198f6887261fea35f/qgzliza8tg.zip
Sayu,3rd,,https://activity.hdslb.com/blackboard/static/20230807/c84ef0977c17fb1198f6887261fea35f/6JMiKqdMuC.zip
Noelle,4th,,https://activity.hdslb.com/blackboard/static/20230807/c84ef0977c17fb1198f6887261fea35f/2z34VN8Zxy.zip
,,,
Background,,,https://i0.hdslb.com/bfs/activity-plat/static/c84ef0977c17fb1198f6887261fea35f/cxf5jAZhP7_w1920_h1080.png
,,,
3.8 Release Page,,,https://www.bilibili.com/blackboard/activity-Wc8JLsVGu2.html
Sangonomiya Kokomi,2nd,,https://activity.hdslb.com/blackboard/static/20230628/c84ef0977c17fb1198f6887261fea35f/lzKSMKdj5m.zip
Eula,3rd,,https://activity.hdslb.com/blackboard/static/20230628/c84ef0977c17fb1198f6887261fea35f/9bc3yx9I1O.zip
Wanderer,2nd,,https://activity.hdslb.com/blackboard/static/20230628/c84ef0977c17fb1198f6887261fea35f/ljI4d3bMSs.zip
Klee,1st,Alternate Outfit,https://activity.hdslb.com/blackboard/static/20230628/c84ef0977c17fb1198f6887261fea35f/Ik5tJnJF7o.zip
Kaeya,1st,Alternate Outfit,https://activity.hdslb.com/blackboard/static/20230628/c84ef0977c17fb1198f6887261fea35f/sCg5kWwv0M.zip
,,,
Background,,,https://i0.hdslb.com/bfs/activity-plat/static/c84ef0977c17fb1198f6887261fea35f/pZLjnm1Ija_w1920_h1080.jpg
,,,
3.7 Release Page,,,https://www.bilibili.com/blackboard/activity-QEEZ1nL6Jv.html
Kirara,1st,,https://activity.hdslb.com/blackboard/static/20230518/c84ef0977c17fb1198f6887261fea35f/GZbyQFog5Z.zip
Yoimiya,4th,,https://activity.hdslb.com/blackboard/static/20230518/c84ef0977c17fb1198f6887261fea35f/2I4OGgbXKb.zip
Yae Miko,3rd,,https://activity.hdslb.com/blackboard/static/20230518/c84ef0977c17fb1198f6887261fea35f/F3EX7sDtJ0.zip
Alhaitham,2nd,,https://activity.hdslb.com/blackboard/static/20230518/c84ef0977c17fb1198f6887261fea35f/A055TJVZAF.zip
Kaedehara Kazuha,3rd,,https://activity.hdslb.com/blackboard/static/20230518/c84ef0977c17fb1198f6887261fea35f/xTWxQElkf0.zip
,,,
Background,,,https://i0.hdslb.com/bfs/activity-plat/static/c84ef0977c17fb1198f6887261fea35f/e9mEaRNhlI_w1920_h1080.png
,,,
3.6 Release Page,,,https://www.bilibili.com/blackboard/activity-HtiRSOn8K9.html
Baizhu,1st,,https://activity.hdslb.com/blackboard/static/20230407/c84ef0977c17fb1198f6887261fea35f/DLMmvycQoM.zip
Kaveh,1st,,https://activity.hdslb.com/blackboard/static/20230407/c84ef0977c17fb1198f6887261fea35f/nNpqcReGhp.zip
Nahida,2nd,,https://activity.hdslb.com/blackboard/static/20230407/c84ef0977c17fb1198f6887261fea35f/Frp34Jc2bE.zip
Nilou,2nd,,https://activity.hdslb.com/blackboard/static/20230407/c84ef0977c17fb1198f6887261fea35f/g6XamK6KJ8.zip
Ganyu,4th,,https://activity.hdslb.com/blackboard/static/20230407/c84ef0977c17fb1198f6887261fea35f/Igy2PzFSEP.zip
,,,
Background,,,https://i0.hdslb.com/bfs/activity-plat/static/c84ef0977c17fb1198f6887261fea35f/ovRtxpIcXx_w1920_h1080.jpg
,,,
3.5 Release Page,,,https://www.bilibili.com/blackboard/activity-eRDNljCc5R.html
Dehya,1st,,https://activity.hdslb.com/blackboard/static/20230224/c84ef0977c17fb1198f6887261fea35f/cUjkML2ssk.zip
Mika,1st,,https://activity.hdslb.com/blackboard/static/20230224/c84ef0977c17fb1198f6887261fea35f/mCnsDvcG9R.zip
Cyno,2nd,,https://activity.hdslb.com/blackboard/static/20230224/c84ef0977c17fb1198f6887261fea35f/pim5xITbSJ.zip
Kamisato Ayaka,2nd,,https://activity.hdslb.com/blackboard/static/20230224/c84ef0977c17fb1198f6887261fea35f/25jXSfN51V.zip
Shenhe,2nd,,https://activity.hdslb.com/blackboard/static/20230224/c84ef0977c17fb1198f6887261fea35f/afQTy7FX1u.zip
,,,
Background,,,https://i0.hdslb.com/bfs/activity-plat/static/c84ef0977c17fb1198f6887261fea35f/pjfSzKz1C1_w1920_h1080.png
,,,
3.4 Release Page,,,https://www.bilibili.com/blackboard/activity-IqU8VSBVHF.html
Alhaitham,1st,,https://activity.hdslb.com/blackboard/static/20230111/c84ef0977c17fb1198f6887261fea35f/ac0PJo6yys.zip
YaoYao,1st,,https://activity.hdslb.com/blackboard/static/20230111/c84ef0977c17fb1198f6887261fea35f/I1HlzqY5hj.zip
Xiao,4th,,https://activity.hdslb.com/blackboard/static/20230111/c84ef0977c17fb1198f6887261fea35f/ph7LyjNPUb.zip
Yelan,2nd,,https://activity.hdslb.com/blackboard/static/20230111/c84ef0977c17fb1198f6887261fea35f/hRGkjDp1Go.zip
Hu Tao,5th,,https://activity.hdslb.com/blackboard/static/20230111/c84ef0977c17fb1198f6887261fea35f/HOsVwZ21eA.zip
Kamisato Ayaka,1st,Alternate Outfit,https://activity.hdslb.com/blackboard/static/20230116/c84ef0977c17fb1198f6887261fea35f/EL7Qq0i6Gm.zip
Lisa,1st,Alternate Outfit,https://activity.hdslb.com/blackboard/static/20230117/c84ef0977c17fb1198f6887261fea35f/2p9SR7nlZ6.zip
,,,
Background,,,https://i0.hdslb.com/bfs/activity-plat/static/c84ef0977c17fb1198f6887261fea35f/4tM8ryllap_w1920_h1080.png
,,,
3.3 Release Page,,,https://www.bilibili.com/blackboard/activity-Er161cOgXs.html
Wanderer,1st,,https://activity.hdslb.com/blackboard/static/20221202/c84ef0977c17fb1198f6887261fea35f/ID5UqKmm7R.zip
Faruzan,1st,,https://activity.hdslb.com/blackboard/static/20221202/c84ef0977c17fb1198f6887261fea35f/opJw6W1EFy.zip
Arataki Itto,3rd,,https://activity.hdslb.com/blackboard/static/20221202/c84ef0977c17fb1198f6887261fea35f/DM8kDA7nke.zip
Raiden Shogun,2nd,,https://activity.hdslb.com/blackboard/static/20221202/c84ef0977c17fb1198f6887261fea35f/PiQ70PSllQ.zip
Kamisato Ayato,2nd,,https://activity.hdslb.com/blackboard/static/20221202/c84ef0977c17fb1198f6887261fea35f/t5RQ07Z98X.zip
,,,
3.2 Release Page,,,https://www.bilibili.com/blackboard/activity-TVh3Jjh9W1.html
Nahida,1st,,https://activity.hdslb.com/blackboard/static/20221027/c84ef0977c17fb1198f6887261fea35f/aoRkKPW9nw.zip
Layla,1st,,https://activity.hdslb.com/blackboard/static/20221027/c84ef0977c17fb1198f6887261fea35f/GXESu9z1dD.zip
Yae Miko,2nd,,https://activity.hdslb.com/blackboard/static/20221027/c84ef0977c17fb1198f6887261fea35f/WzsZkoX5Ii.zip
Tartaglia/Childe,5th,,https://activity.hdslb.com/blackboard/static/20221027/c84ef0977c17fb1198f6887261fea35f/bCHouGv2Lf.zip
Yoimiya,3rd,,https://activity.hdslb.com/blackboard/static/20221027/c84ef0977c17fb1198f6887261fea35f/u9t0KAiXg1.zip
,,,
3.1 Release Page,,,https://www.bilibili.com/blackboard/activity-Fgh0dzKDrr.html
Cyno,1st,,https://activity.hdslb.com/blackboard/static/20220926/c84ef0977c17fb1198f6887261fea35f/HDxfdDPiCO.zip
Nilou,1st,,https://activity.hdslb.com/blackboard/static/20220926/c84ef0977c17fb1198f6887261fea35f/UKro3x2Pg0.zip
Candace,1st,,https://activity.hdslb.com/blackboard/static/20220926/c84ef0977c17fb1198f6887261fea35f/TDdl1ecL0Y.zip
Venti,4th,,https://activity.hdslb.com/blackboard/static/20220926/c84ef0977c17fb1198f6887261fea35f/nGLtxg7QIg.zip
Albedo,4th,,https://activity.hdslb.com/blackboard/static/20220926/c84ef0977c17fb1198f6887261fea35f/5GJwqFB1nA.zip
,,,
3.0 Release Page,,,https://www.bilibili.com/blackboard/activity-JgjL9OCE1Z.html
Sangonomiya Kokomi ,1st,This is the first official release of the model,https://activity.hdslb.com/blackboard/static/20220823/c84ef0977c17fb1198f6887261fea35f/SBvSX0Rxme.zip
Zhongli,4th,,https://activity.hdslb.com/blackboard/static/20220823/c84ef0977c17fb1198f6887261fea35f/1jGdgPFapb.zip
Tighnari,1st,,https://activity.hdslb.com/blackboard/static/20220823/c84ef0977c17fb1198f6887261fea35f/4BhH1I4Nzy.zip
Dori,1st,,https://activity.hdslb.com/blackboard/static/20220823/c84ef0977c17fb1198f6887261fea35f/aREewObFeG.zip
Collei,1st,,https://activity.hdslb.com/blackboard/static/20220823/c84ef0977c17fb1198f6887261fea35f/PgtgDEVuua.zip
Ganyu,3rd,,https://activity.hdslb.com/blackboard/static/20220823/c84ef0977c17fb1198f6887261fea35f/rnEvsp5TOT.zip
,,,
2.8 Release Page,,,https://www.bilibili.com/blackboard/activity-AuBHIaNfhy.html
Kaedehara Kazuha,2nd,,https://activity.hdslb.com/blackboard/static/20220711/c84ef0977c17fb1198f6887261fea35f/uf71JlNIzw.zip
Shikanoin Heizou,1st,,https://activity.hdslb.com/blackboard/static/20220711/c84ef0977c17fb1198f6887261fea35f/VLpzBkRl21.zip
Klee,4th,,https://activity.hdslb.com/blackboard/static/20220711/c84ef0977c17fb1198f6887261fea35f/Z61FIkn35m.zip
Yoimiya,2nd,,https://activity.hdslb.com/blackboard/static/20220711/c84ef0977c17fb1198f6887261fea35f/ZCiAovYidl.zip
Mona,1st,Alternate Skin,https://activity.hdslb.com/blackboard/static/20220711/c84ef0977c17fb1198f6887261fea35f/pmYy5a2XbA.zip
Fischl,1st,Alternate Skin,https://activity.hdslb.com/blackboard/static/20220711/c84ef0977c17fb1198f6887261fea35f/GqvGRJukBS.zip
Diluc,1st,Alternate Skin,https://activity.hdslb.com/blackboard/static/20220711/c84ef0977c17fb1198f6887261fea35f/AOlvfGwu2n.zip
,,,
2.7 Release Page,,,https://www.bilibili.com/blackboard/activity-FEYTyCHYZo.html
Yelan,1st,Change уЉ.png to 髪.png to fix the textures not loading.,https://activity.hdslb.com/blackboard/static/20220525/c84ef0977c17fb1198f6887261fea35f/PEhFH0is3N.zip
Kuki Shinobu,1st,Change уЉ.png to 髪.png to fix the textures not loading.,https://activity.hdslb.com/blackboard/static/20220525/c84ef0977c17fb1198f6887261fea35f/sWn1QvNF82.zip
Arataki Itto,2nd,Change уЉ.png to 髪.png to fix the textures not loading.,https://activity.hdslb.com/blackboard/static/20220525/c84ef0977c17fb1198f6887261fea35f/yj2lq0592K.zip
Xiao,3rd,Change •ž.png to 服.png and ”§.png to 肌.png to fix the textures not loading,https://activity.hdslb.com/blackboard/static/20220525/c84ef0977c17fb1198f6887261fea35f/UmGoPpoMcp.zip
,,,
2.6 Release Page,,,https://www.bilibili.com/blackboard/activity-UjUEsPaluS.html
,,,https://www.bilibili.com/blackboard/activity-99RGHMV3Y2.html
Kamisato Ayato,1st,,https://activity.hdslb.com/blackboard/static/20220328/279f2a710d12c63fc8bc0aeb4e1a3556/nAguYew4kB.zip
Venti,3rd,,https://activity.hdslb.com/blackboard/static/20220328/279f2a710d12c63fc8bc0aeb4e1a3556/ZcxhE5kXCk.zip
Xiangling,5th,,https://activity.hdslb.com/blackboard/static/20220328/279f2a710d12c63fc8bc0aeb4e1a3556/Y603CGTSUI.zip
Yun Jin,2nd,,https://activity.hdslb.com/blackboard/static/20220328/279f2a710d12c63fc8bc0aeb4e1a3556/RJjI94tZtn.zip
Sucrose,5th,,https://activity.hdslb.com/blackboard/static/20220328/279f2a710d12c63fc8bc0aeb4e1a3556/Dn5rlPyLEJ.zip
,,,
2.5 Release Page,,,https://www.bilibili.com/blackboard/activity-82H7FUauFO.html
Yae Miko,1st,,https://activity.hdslb.com/blackboard/static/20220214/279f2a710d12c63fc8bc0aeb4e1a3556/aidNma96Pr.zip
Thoma,2nd,,https://activity.hdslb.com/blackboard/static/20220209/279f2a710d12c63fc8bc0aeb4e1a3556/pOvxgTPmSE.zip
Fischl,4th,,https://activity.hdslb.com/blackboard/static/20220209/279f2a710d12c63fc8bc0aeb4e1a3556/P6KDfG8nK4.zip
Diona,6th,,https://activity.hdslb.com/blackboard/static/20220209/279f2a710d12c63fc8bc0aeb4e1a3556/FTvEhh47pI.zip
,,,
2.4 Release Page,,,https://www.bilibili.com/blackboard/activity-6MCsBE92oE.html
Shenhe,1st,,https://activity.hdslb.com/blackboard/static/20220104/279f2a710d12c63fc8bc0aeb4e1a3556/m7VkdNZeF7.zip
Yun Jin,1st,,https://activity.hdslb.com/blackboard/static/20220104/279f2a710d12c63fc8bc0aeb4e1a3556/IiqhrbvPJO.zip
Xiao,2nd,,https://activity.hdslb.com/blackboard/static/20220104/279f2a710d12c63fc8bc0aeb4e1a3556/ZrU20xrB7x.zip
Chongyun,5th,,https://activity.hdslb.com/blackboard/static/20220104/279f2a710d12c63fc8bc0aeb4e1a3556/PoCLvkSnbH.zip
Ningguang,5th,,https://activity.hdslb.com/blackboard/static/20220104/279f2a710d12c63fc8bc0aeb4e1a3556/EUPkdYU6Y0.zip
Ningguang,1st,Alternate Outfit,https://activity.hdslb.com/blackboard/static/20220104/279f2a710d12c63fc8bc0aeb4e1a3556/wEJ3rm4gz8.zip
Keqing,1st,Alternate Outfit,https://activity.hdslb.com/blackboard/static/20220105/279f2a710d12c63fc8bc0aeb4e1a3556/RcWwG9hePp.zip
Ningguang,,Alternate Outfit (with propper rigging),https://drive.google.com/file/d/1isCPHVAniWC6sR0Cg_GzslNddpGdq1TE/view?usp=sharing
,,,
2.3 Release Page,,,https://www.bilibili.com/blackboard/activity-8Zdc2qDY6R.html
Arataki Itto,1st,,https://activity.hdslb.com/blackboard/static/20211215/279f2a710d12c63fc8bc0aeb4e1a3556/yBFXRmBhzq.zip
Arataki Itto again?,,"The official URL changed, so both are included here",https://activity.hdslb.com/blackboard/static/20211217/279f2a710d12c63fc8bc0aeb4e1a3556/9weGrJpip8.zip
Gorou,1st,,https://activity.hdslb.com/blackboard/static/20211215/279f2a710d12c63fc8bc0aeb4e1a3556/RuWF4WLQKu.zip
Barbara,4th,,https://activity.hdslb.com/blackboard/static/20211215/279f2a710d12c63fc8bc0aeb4e1a3556/B7hWzJaTI9.zip
Xiangling,4th,,https://activity.hdslb.com/blackboard/static/20211215/279f2a710d12c63fc8bc0aeb4e1a3556/Zz90l8UsEe.zip
Albedo,3rd,,https://activity.hdslb.com/blackboard/static/20211122/279f2a710d12c63fc8bc0aeb4e1a3556/WgmDy3Jux4.zip
Eula,2nd,,https://activity.hdslb.com/blackboard/static/20211122/279f2a710d12c63fc8bc0aeb4e1a3556/YmT9thXZFB.zip
Rosaria,4th,,https://activity.hdslb.com/blackboard/static/20211122/279f2a710d12c63fc8bc0aeb4e1a3556/XqmxG7sXJC.zip
Bennett,3rd,,https://activity.hdslb.com/blackboard/static/20211122/279f2a710d12c63fc8bc0aeb4e1a3556/HXClYkCNY9.zip
Noelle,3rd,,https://activity.hdslb.com/blackboard/static/20211122/279f2a710d12c63fc8bc0aeb4e1a3556/nqeX2mdcCC.zip
,,,
2.2 Release Page,,,https://www.bilibili.com/blackboard/activity-aEe0qbEc8N.html
Tartaglia/Childe,4th,,https://activity.hdslb.com/blackboard/static/20211009/279f2a710d12c63fc8bc0aeb4e1a3556/lnCzEXYciM.zip
Ningguang,4th,,https://activity.hdslb.com/blackboard/static/20211009/279f2a710d12c63fc8bc0aeb4e1a3556/eJHaqY9DLM.zip
Yanfei,3rd,,https://activity.hdslb.com/blackboard/static/20211009/279f2a710d12c63fc8bc0aeb4e1a3556/61xYkYa6rl.zip
Chongyun,4th,,https://activity.hdslb.com/blackboard/static/20211009/279f2a710d12c63fc8bc0aeb4e1a3556/zhuKqKFUuM.zip
Chibi Gifs/Emotes,1st,"Tartaglia/Childe, Ningguang and Xinyan",https://activity.hdslb.com/blackboard/maxfiles/dd3fdcbb29a748708d425bae4748b69c/1634541659840.zip
Hu Tao,3rd,,https://activity.hdslb.com/blackboard/static/20211102/279f2a710d12c63fc8bc0aeb4e1a3556/5lMJiWGAc2.zip
Thoma,1st,,https://activity.hdslb.com/blackboard/static/20211102/279f2a710d12c63fc8bc0aeb4e1a3556/B6zEAHY6WU.zip
Sayu,2nd,,https://activity.hdslb.com/blackboard/static/20211102/279f2a710d12c63fc8bc0aeb4e1a3556/IwX9pwqQr8.zip
Diona,5th,,https://activity.hdslb.com/blackboard/static/20211102/279f2a710d12c63fc8bc0aeb4e1a3556/JoBMrUiZuz.zip
Chibi Gifs/Emotes,1st,Hu Tao and Thoma,https://activity.hdslb.com/blackboard/maxfiles/dd3fdcbb29a748708d425bae4748b69c/1635845955337.zip
,,,
2.1 Release Page,,,https://www.bilibili.com/blackboard/genshin-1st-anniversary.html#/stage1
Raiden Shogun,1st,,https://activity.hdslb.com/blackboard/static/20210826/279f2a710d12c63fc8bc0aeb4e1a3556/GA2FmFGUE0.zip
Kujou Sara,1st,,https://activity.hdslb.com/blackboard/static/20210826/279f2a710d12c63fc8bc0aeb4e1a3556/eq6oteYS2x.zip
Xiangling,3rd,,https://activity.hdslb.com/blackboard/static/20210825/279f2a710d12c63fc8bc0aeb4e1a3556/G7UlhQEpTe.zip
Sucrose,4th,,https://activity.hdslb.com/blackboard/static/20210825/279f2a710d12c63fc8bc0aeb4e1a3556/BotyGrJ5Jj.zip
Sangonomiya Kokomi,Unofficial URL,"Alternate Outfit. Same PMX format.
Looks official(?)",https://drive.google.com/uc?id=1frsW8xkwq7HiNKayA6K8ElDxJZSBeC1e&export=download
Sangonomiya Kokomi,Unofficial URL,"Same PMX format. Looks official(?)

Link is dead as of October 28th 2025",https://www.deviantart.com/miiizuuuki/art/Sangonomiya-Kokomi-MMD-model-DL-genshin-impact-893109229
,,,
2.0 Release Page,,,https://www.bilibili.com/blackboard/activity-btLCSzTTsK.html#/
Xinyan,4th,,https://activity.hdslb.com/blackboard/static/20210810/4d40bc4f98f94fbc71c235832ce3efd4/n1Xlc3v7nM.zip
Diona,4th,,https://activity.hdslb.com/blackboard/static/20210810/4d40bc4f98f94fbc71c235832ce3efd4/2qGdvb3uNb.zip
Sayu,1st,,https://activity.hdslb.com/blackboard/static/20210810/4d40bc4f98f94fbc71c235832ce3efd4/xQ6CRUIVPF.zip
Yoimiya,1st,,https://activity.hdslb.com/blackboard/static/20210810/4d40bc4f98f94fbc71c235832ce3efd4/QVcawhbvLP.zip
Yanfei,2nd,,https://activity.hdslb.com/blackboard/static/20210719/4d40bc4f98f94fbc71c235832ce3efd4/cLSPffWXlu.zip
Chongyun,3rd,,https://activity.hdslb.com/blackboard/static/20210719/4d40bc4f98f94fbc71c235832ce3efd4/xF3F1m657q.zip
Ningguang,3rd,,https://activity.hdslb.com/blackboard/static/20210719/4d40bc4f98f94fbc71c235832ce3efd4/Yg8e1KDWID.zip
Kamisato Ayaka,1st,,https://activity.hdslb.com/blackboard/static/20210719/4d40bc4f98f94fbc71c235832ce3efd4/gs3LGNzzsM.zip
,,,
1.6 Release Page,,,https://www.bilibili.com/blackboard/activity-kiOl0D1nF8.html
Razor,2nd,,https://activity.hdslb.com/blackboard/static/20210629/279f2a710d12c63fc8bc0aeb4e1a3556/iD4D1KzdtI.zip
Bennett,2nd,,https://activity.hdslb.com/blackboard/static/20210629/279f2a710d12c63fc8bc0aeb4e1a3556/XFuBigXAdd.zip
Rosaria,2nd,,https://activity.hdslb.com/blackboard/static/20210629/279f2a710d12c63fc8bc0aeb4e1a3556/FrmFxSfgcU.zip
Kaedehara Kazuha,1st,,https://activity.hdslb.com/blackboard/static/20210629/279f2a710d12c63fc8bc0aeb4e1a3556/YGxBiVcSuw.zip
Paimon,2nd,,https://activity.hdslb.com/blackboard/static/20210604/4d40bc4f98f94fbc71c235832ce3efd4/pVCd3ADzvJ.zip
Fischl,3rd,,https://activity.hdslb.com/blackboard/static/20210604/4d40bc4f98f94fbc71c235832ce3efd4/8vJtiwxPyr.zip
Sucrose,3rd,,https://activity.hdslb.com/blackboard/static/20210604/4d40bc4f98f94fbc71c235832ce3efd4/hyOvDPbXU1.zip
Klee,3rd,,https://activity.hdslb.com/blackboard/static/20210604/4d40bc4f98f94fbc71c235832ce3efd4/lLRQFchUQH.zip
Barbara,1st,Alternate Outfit,https://activity.hdslb.com/blackboard/static/20210604/4d40bc4f98f94fbc71c235832ce3efd4/hJEhL6jGOY.zip
Barbara,3rd,,https://activity.hdslb.com/blackboard/static/20210604/4d40bc4f98f94fbc71c235832ce3efd4/4vdSZMBhS0.zip
Jean,1st,Alternate Outfit,https://activity.hdslb.com/blackboard/static/20210604/4d40bc4f98f94fbc71c235832ce3efd4/X9kujZhW7B.zip
Jean,3rd,,https://activity.hdslb.com/blackboard/static/20210604/4d40bc4f98f94fbc71c235832ce3efd4/PnLIlz8Pwt.zip
,,,
1.5 Release Page,,,https://www.bilibili.com/blackboard/activity-raop07Ymhm.html
Xingqiu,3rd,,https://activity.hdslb.com/blackboard/static/20210518/279f2a710d12c63fc8bc0aeb4e1a3556/NxhjAcaCc2.zip
Xinyan,3rd,,https://activity.hdslb.com/blackboard/static/20210518/279f2a710d12c63fc8bc0aeb4e1a3556/TFmazsBv1B.zip
Beidou,1st,,https://activity.hdslb.com/blackboard/static/20210518/279f2a710d12c63fc8bc0aeb4e1a3556/KKTRlpu4BI.zip
Eula,1st,,https://activity.hdslb.com/blackboard/static/20210518/279f2a710d12c63fc8bc0aeb4e1a3556/lcLeCGmPqW.zip
Rosaria,2nd,,https://activity.hdslb.com/blackboard/static/20210426/4d40bc4f98f94fbc71c235832ce3efd4/57dzJgCtKj.zip
Tartaglia/Childe,3rd,,https://activity.hdslb.com/blackboard/static/20210426/4d40bc4f98f94fbc71c235832ce3efd4/RRCzxMMVd6.zip
Venti,2nd,,https://activity.hdslb.com/blackboard/static/20210426/4d40bc4f98f94fbc71c235832ce3efd4/ZmOJDO4TOV.zip
Hu Tao,2nd,,https://activity.hdslb.com/blackboard/static/20210426/4d40bc4f98f94fbc71c235832ce3efd4/6PznvBhyEu.zip
Diona,3rd,,https://activity.hdslb.com/blackboard/static/20210426/4d40bc4f98f94fbc71c235832ce3efd4/O6zHCwFz4T.zip
Noelle,2nd,,https://activity.hdslb.com/blackboard/static/20210426/4d40bc4f98f94fbc71c235832ce3efd4/2WhKwVvn59.zip
Yanfei,1st,,https://activity.hdslb.com/blackboard/static/20210426/4d40bc4f98f94fbc71c235832ce3efd4/iBzfygcnj5.zip
Zhongli,3rd,,https://activity.hdslb.com/blackboard/static/20210426/4d40bc4f98f94fbc71c235832ce3efd4/DBVeOVD7C9.zip
,,,
1.4 Release Page,,,https://www.bilibili.com/blackboard/activity-c_fu2inm-.html
Rosaria,1st,,https://activity.hdslb.com/blackboard/static/20210414/4d40bc4f98f94fbc71c235832ce3efd4/9dV715WdjQ.zip
Tartaglia/Childe,2nd,,https://activity.hdslb.com/blackboard/static/20210316/4d40bc4f98f94fbc71c235832ce3efd4/29scN0x0Tw.zip
Albedo,2nd,,https://activity.hdslb.com/blackboard/static/20210316/4d40bc4f98f94fbc71c235832ce3efd4/02exl89t7N.zip
Diona,2nd,,https://activity.hdslb.com/blackboard/static/20210316/4d40bc4f98f94fbc71c235832ce3efd4/kI7rQs7Pnw.zip
Mona 2,2nd,,https://activity.hdslb.com/blackboard/static/20210316/4d40bc4f98f94fbc71c235832ce3efd4/4wJu7npxHt.zip
Sucrose,2nd,,https://activity.hdslb.com/blackboard/static/20210316/4d40bc4f98f94fbc71c235832ce3efd4/ru2Wr5APys.zip
Fischl,2nd,,https://activity.hdslb.com/blackboard/static/20210316/4d40bc4f98f94fbc71c235832ce3efd4/NRBoF6AykW.zip
Noelle,1st,,https://activity.hdslb.com/blackboard/static/20210316/4d40bc4f98f94fbc71c235832ce3efd4/cJ0Pw31k5G.zip
Bennett,1st,,https://activity.hdslb.com/blackboard/static/20210316/4d40bc4f98f94fbc71c235832ce3efd4/bdG8bzfUGT.zip
Klee,2nd,,https://activity.hdslb.com/blackboard/static/20210316/4d40bc4f98f94fbc71c235832ce3efd4/ggDfFNKP4O.zip
Razor,1st,,https://activity.hdslb.com/blackboard/static/20210316/4d40bc4f98f94fbc71c235832ce3efd4/LlbJl7e5S7.zip
Diluc,2nd,,https://activity.hdslb.com/blackboard/static/20210316/4d40bc4f98f94fbc71c235832ce3efd4/IfVQNfotlb.zip
Barbara,2nd,,https://activity.hdslb.com/blackboard/static/20210316/4d40bc4f98f94fbc71c235832ce3efd4/T7C0qee2PP.zip
Kaeya,2nd,,https://activity.hdslb.com/blackboard/static/20210316/4d40bc4f98f94fbc71c235832ce3efd4/eEI8r9gd6y.zip
Lisa,2nd,,https://activity.hdslb.com/blackboard/static/20210316/4d40bc4f98f94fbc71c235832ce3efd4/QIoO5EgUPA.zip
Amber,2nd,,https://activity.hdslb.com/blackboard/static/20210316/4d40bc4f98f94fbc71c235832ce3efd4/ApoSncaZI8.zip
Jean,2nd,,https://activity.hdslb.com/blackboard/static/20210316/4d40bc4f98f94fbc71c235832ce3efd4/ob2NZfXKuk.zip
,,,
1.3 Release Page,,,https://ys.biligame.com/ysl/
Hu Tao,1st,,https://i0.hdslb.com/bfs/game-static/7d69ffe6d7cef7239bfe6b7680c9977aa25a39f5.zip
Xingqiu,2nd,,https://s1.hdslb.com/bfs/game-static/web/caster/static/script/vue/36d86a726173d2d4840e98a18e87fb08/10.zip
Xinyan,2nd,,https://s1.hdslb.com/bfs/game-static/web/caster/static/script/vue/bb47ea824e166b4098ce4d4190f90484/9.zip
Xiangling,2nd,,https://s1.hdslb.com/bfs/game-static/web/caster/static/script/vue/c127fd4d6f8acbce3a963d093c5d897b/8.zip
Zhongli,2nd,,https://s1.hdslb.com/bfs/game-static/web/caster/static/script/vue/917952afd805ac7b37b05bc65f3d4887/7.zip
Keqing,2nd,,https://s1.hdslb.com/bfs/game-static/web/caster/static/script/vue/329372278d828347fcab9f4d88572dcd/6.zip
Qiqi,2nd,,https://s1.hdslb.com/bfs/game-static/web/caster/static/script/vue/3e53143353f11f3ae20e344b13fc4d94/5.zip
Ganyu,2nd,,https://s1.hdslb.com/bfs/game-static/web/caster/static/script/vue/85c12ca3cbb4da2c72d5142f8ef95ccf/4.zip
Ningguang,2nd,,https://s1.hdslb.com/bfs/game-static/web/caster/static/script/vue/515df26b990d2e67697c1e952bb3491d/3.zip
Chongyun,2nd,,https://s1.hdslb.com/bfs/game-static/web/caster/static/script/vue/fe8eadef4e134e8d337c667727e15e29/2.zip
Xiao,1st,,https://s1.hdslb.com/bfs/game-static/web/caster/static/script/vue/85ad0a56a99f29a85f0040443878b7a5/1.zip
,,,
1.2 Release Page,,,https://ys.biligame.com/beyel/
Ganyu,1st,,https://s1.hdslb.com/bfs/game-static/web/caster/static/script/vue/d8e69ff3f8c336d219df33b57993c856/gy.zip
Xingqiu,1st,,https://s1.hdslb.com/bfs/game-static/web/caster/static/script/vue/c6735fdc4a7af7a590fabd9bbc66c602/xq.zip
Sucrose,1st,,https://s1.hdslb.com/bfs/game-static/web/caster/static/script/vue/da3f37d7fd8339357ed671a94941757e/st.zip
Chongyun,1st,,https://s1.hdslb.com/bfs/game-static/web/caster/static/script/vue/fe8eadef4e134e8d337c667727e15e29/cy.zip
Albedo,1st,,https://s1.hdslb.com/bfs/game-static/web/caster/static/script/vue/5d731696e4acf1ca06ef2cfea72794b3/abd.zip
,,,
1.1 Release Page,,,http://ys.biligame.com/pjdkx/
Xinyan,1st,,http://i0.hdslb.com/bfs/game-static/ed47b4dc6937c8c811b71c8994d03676ab643772.zip
Zhongli,1st,,http://i0.hdslb.com/bfs/game-static/faea333788928361bda57df3b4a63f617cd2cac0.zip
Keqing,1st,,http://i0.hdslb.com/bfs/game-static/ae65c36ad6542666d770688734a4a030fb6212a8.zip
Klee,1st,,http://i0.hdslb.com/bfs/game-static/4e663d821c6a7f4198bcd4f351447e7cee2fa004.zip
Qiqi,1st,,http://i0.hdslb.com/bfs/game-static/7210c615ff78b2f1a049359454c60bc6a9a80039.zip
Mona,1st,,http://i0.hdslb.com/bfs/game-static/938eb4c1636c0f585a8e0c30cb3304d367901c33.zip
Diona,1st,,http://i0.hdslb.com/bfs/game-static/80bbc4773b2abe7b4d5a5c22eb42c2cdf1b8a33e.zip
Unusual Hilichurl,1st,,http://i0.hdslb.com/bfs/game-static/9646b68a4271729954d57011a9fc69a6e08d0503.zip
Tartaglia/Childe,1st,,http://i0.hdslb.com/bfs/game-static/235a0e7366822257f0d97d3bb5f091d22862c444.zip
,,,
1.0 Release Page,,,http://ys.biligame.com/gczj/
Hilichurl,1st,,http://static.biligame.com/caster_custom_assets/ys/gczj/qiuqiuren.rar
Fischl,1st,,http://static.biligame.com/caster_custom_assets/ys/gczj/feixieer.rar
Xiangling,1st,,http://static.biligame.com/caster_custom_assets/ys/gczj/xiangling.zip
Ningguang,1st,,http://static.biligame.com/caster_custom_assets/ys/gczj/ningguang.rar
Barbara,1st,,http://static.biligame.com/caster_custom_assets/ys/gczj/babala.rar
Amber,1st,,http://static.biligame.com/caster_custom_assets/ys/gczj/anbo.rar
Paimon,1st,,http://static.biligame.com/caster_custom_assets/ys/gczj/paimeng.rar
Venti,1st,,http://static.biligame.com/caster_custom_assets/ys/gczj/wendi.rar
Lisa,1st,,http://static.biligame.com/caster_custom_assets/ys/gczj/lisha.rar
Jean,1st,,http://static.biligame.com/caster_custom_assets/ys/gczj/qin.rar
Diluc,1st,,http://static.biligame.com/caster_custom_assets/ys/gczj/diluke.zip
Kaeya,1st,,http://static.biligame.com/caster_custom_assets/ys/gczj/kaiya.rar
Female Traveler,1st,,http://static.biligame.com/caster_custom_assets/ys/gczj/ying.rar
Male Traveler,1st,,http://static.biligame.com/caster_custom_assets/ys/gczj/kong.rar